{"amsterdam": 8.71438224163007, "barcelona": 8.382197351648458, "berlin": 8.1749034676931, "brussels": 8.205168698469082, "budapest": 8.109372486599941, "copenhagen": 8.489460334813739, "dublin": 8.545302323034862, "helsinki": 8.092957863116082, "lisbon": 8.29306065622252, "london": 8.7174304274929, "madrid": 8.133762619810925, "oslo": 8.380415524059222, "paris": 8.756361672250943, "prague": 8.047612442903612, "rome": 8.548383795520454, "stockholm": 8.443553381756645, "vienna": 8.242751342613008, "warsaw": 8.012484178207558, "zurich": 8.60804391151447}