{
  "Amsterdam": 23309.55631868132,
  "Barcelona": 16666.672155688622,
  "Berlin": 13515.844444444445,
  "Brussels": 21674.78595890411,
  "Budapest": 7660.611026033691,
  "Copenhagen": 12204.68356374808,
  "Dublin": 14292.267053701016,
  "Helsinki": 7627.516936671575,
  "Lisbon": 10182.47858472998,
  "London": 15342.200345423144,
  "Madrid": 11652.852589641434,
  "Milan": 30881.75573770492,
  "Munich": 12303.549019607843,
  "Oslo": 10103.786053882726,
  "Paris": 14862.043609022556,
  "Prague": 9755.666666666666,
  "Rome": 18708.761827079936,
  "Stockholm": 15358.898448519041,
  "Vienna": 10434.071550255536,
  "Warsaw": 8009.823889739663,
  "Zurich": 10915.87891440501
}