{"Amsterdam": 9.807826445116927, "Barcelona": 9.529621643146426, "Berlin": 9.342094498363295, "Brussels": 9.37355533485036, "Budapest": 8.779995968444204, "Copenhagen": 9.24620039096136, "Dublin": 9.389308256777012, "Helsinki": 8.734096094944, "Lisbon": 9.027987514836603, "London": 9.376706988901933, "Madrid": 9.082328967754707, "Milan": 9.967634805904941, "Munich": 9.184031670582879, "Oslo": 9.00373581465107, "Paris": 9.4422402131242, "Prague": 8.983886651045491, "Rome": 9.604725624648493, "Stockholm": 9.350290722417798, "Vienna": 9.042050137921873, "Warsaw": 8.754998909147904, "Zurich": 9.14086683123633}